Wavelength,7.5 V,8.0 V,8.5 V,9.0 V,9.5 V,10.0 V,10.5 V,11.0 V,11.5 V,12.0 V
350,0.00000047,0.0000105,0.0000185,0.0000391,0.0000163,0.0000779,0.0000599,0.0000197,0.00013318,0.0000846
351,0.00000013,0.00000704,0.0000299,0.0000313,0.0000474,0.0000775,0.0000953,0.0000747,0.0000637,0.00010006
352,0.00000022,0.00000489,0.0000265,0.0000335,0.0000459,0.0000707,0.0000751,0.0000734,0.0001236,0.00010519
353,0.00000007,0.00000574,0.0000224,0.0000275,0.0000513,0.0000551,0.0000633,0.0000561,0.00010952,0.00010857
354,0.00000035,0.00000622,0.0000294,0.0000308,0.0000337,0.0000804,0.0000564,0.000081,0.0000849,0.00012664
355,0.00000034,0.00000817,0.0000277,0.0000411,0.0000522,0.0000689,0.0000754,0.0000805,0.00012776,0.00013968
356,0.00000014,0.00000952,0.0000354,0.0000313,0.0000673,0.0000974,0.00010671,0.0000957,0.00011384,0.00010191
357,0.00000035,0.00000687,0.0000171,0.0000328,0.0000475,0.000059,0.0000774,0.0000785,0.0000763,0.00010301
358,0.00000035,0.0000101,0.0000221,0.0000355,0.000061,0.0000683,0.00009,0.0000701,0.0000991,0.00010966
359,0.00000014,0.00000977,0.0000333,0.0000292,0.0000413,0.0000768,0.0000789,0.0000903,0.0000975,0.00010031
360,0.00000034,0.00000754,0.0000265,0.0000463,0.0000709,0.0000618,0.00010224,0.000061,0.00012367,0.00012128
361,0.00000025,0.00000925,0.0000239,0.000052,0.000068,0.0000901,0.00010647,0.00011792,0.00014593,0.00012049
362,0.00000019,0.00000877,0.0000213,0.0000495,0.0000468,0.000075,0.0000771,0.0000647,0.00011106,0.00013205
363,0.00000047,0.00000704,0.0000153,0.0000345,0.0000631,0.0000588,0.0000709,0.000103,0.00011971,0.00011792
364,0.00000002,0.00000977,0.0000269,0.0000471,0.0000518,0.0000883,0.0000966,0.0000947,0.00010893,0.00012955
365,0.00000031,0.00000825,0.0000339,0.0000522,0.0000551,0.0000614,0.00010096,0.0000935,0.0001632,0.00014339
366,0.00000051,0.00000721,0.0000222,0.0000577,0.0000504,0.0000858,0.00012318,0.0000977,0.00015831,0.00010107
367,0.00000028,0.00000892,0.0000141,0.0000335,0.0000635,0.0000909,0.0000971,0.000098,0.00012942,0.00012816
368,0.00000043,0.00000815,0.0000373,0.0000527,0.0000687,0.0000865,0.0001157,0.0000931,0.00016985,0.0000965
369,0.0000005,0.0000094,0.0000239,0.000035,0.000055,0.0000827,0.0000974,0.0000997,0.00018846,0.00015155
370,0.0000004,0.00000811,0.0000211,0.0000402,0.0000696,0.0000931,0.0000968,0.0000923,0.00013638,0.00012888
371,0.00000028,0.0000078,0.0000249,0.0000311,0.0000493,0.0000776,0.0000914,0.0000737,0.00014585,0.00011698
372,0.00000033,0.00000607,0.0000282,0.0000414,0.0000596,0.000056,0.0000993,0.0000591,0.000146,0.00011784
373,0.00000088,0.00000765,0.0000211,0.0000491,0.0000519,0.0000694,0.0000956,0.0000925,0.00014544,0.00013267
374,0.00000037,0.00000773,0.0000277,0.0000531,0.0000767,0.0000849,0.00011628,0.00011591,0.00017319,0.000133
375,0.00000037,0.00000825,0.0000255,0.0000471,0.0000592,0.0000692,0.0000931,0.00011327,0.00016658,0.00014848
376,0.00000044,0.00000982,0.0000214,0.0000467,0.0000672,0.0000812,0.0000842,0.000096,0.00011822,0.00017266
377,0.00000021,0.00000657,0.0000197,0.0000418,0.0000733,0.0000803,0.0000735,0.00010706,0.0001601,0.00010884
378,0.00000031,0.00000631,0.0000134,0.0000325,0.0000625,0.0000641,0.0000892,0.0000905,0.00010681,0.0001425
379,0.00000019,0.00000763,0.0000295,0.0000424,0.0000633,0.0000849,0.0000975,0.0000918,0.0001519,0.00012732
380,0.00000015,0.00000864,0.0000257,0.0000519,0.0000606,0.0000547,0.0000894,0.00011087,0.00014324,0.00011675
381,0.0000006,0.00000888,0.0000293,0.000045,0.0000596,0.000086,0.00010794,0.00010704,0.00014188,0.0001342
382,0.00000042,0.00000767,0.0000319,0.0000559,0.0000594,0.0000784,0.0000992,0.0000961,0.00013807,0.0001355
383,0.00000037,0.00000846,0.0000322,0.0000361,0.0000597,0.0000697,0.0001179,0.000079,0.0000926,0.00011136
384,0.00000026,0.00000601,0.0000244,0.0000425,0.0000639,0.0000769,0.0000926,0.0000824,0.0000896,0.0001149
385,0.00000007,0.00000625,0.000024,0.0000296,0.0000598,0.0000579,0.0000625,0.0000664,0.0000871,0.0001358
386,0.00000019,0.00000727,0.000029,0.0000475,0.0000708,0.0000649,0.0000712,0.0000616,0.00013263,0.00010955
387,0.00000014,0.00000746,0.0000161,0.0000311,0.0000493,0.0000687,0.0000528,0.000048,0.0000893,0.0000999
388,0.00000054,0.00000714,0.0000247,0.0000318,0.0000473,0.0000546,0.0000846,0.0000784,0.00011523,0.00013236
389,0.00000035,0.00000706,0.0000221,0.0000409,0.0000466,0.0000659,0.000077,0.0000516,0.00014235,0.00013815
390,0.00000016,0.0000054,0.0000188,0.0000307,0.0000458,0.0000655,0.0000735,0.0000627,0.00011998,0.00013246
391,0.00000032,0.00000414,0.0000256,0.0000409,0.0000502,0.0000672,0.0000954,0.0000726,0.00010878,0.00012694
392,0.00000033,0.00000723,0.0000184,0.0000429,0.000044,0.000063,0.0000816,0.0000877,0.00010285,0.0000753
393,0.00000021,0.00000668,0.0000199,0.0000308,0.000043,0.0000563,0.0000812,0.0000544,0.00011498,0.00011057
394,0.00000015,0.00000717,0.0000208,0.0000313,0.0000456,0.0000468,0.0000694,0.0000708,0.00011826,0.0000854
395,0.0000003,0.00000534,0.0000237,0.0000403,0.0000397,0.0000531,0.0000631,0.0000748,0.0001124,0.0000659
396,0,0.00000592,0.0000181,0.0000274,0.0000486,0.0000571,0.0000619,0.0000583,0.0000879,0.0000812
397,0.00000013,0.00000611,0.0000164,0.0000271,0.0000543,0.0000527,0.0000706,0.0000762,0.0000464,0.0000976
398,0.00000032,0.00000405,0.0000181,0.0000226,0.0000405,0.0000437,0.00006,0.0000551,0.0000844,0.00010668
399,0.00000019,0.00000564,0.0000195,0.0000309,0.0000461,0.0000717,0.0000721,0.0000584,0.00010184,0.0000706
400,0.00000043,0.00000605,0.0000172,0.0000299,0.000044,0.0000553,0.0000663,0.0000714,0.00010284,0.0000767
401,0.00000015,0.00000472,0.0000164,0.0000278,0.0000465,0.0000438,0.0000469,0.0000525,0.0000899,0.0000971
402,0.00000017,0.00000505,0.000016,0.0000211,0.0000403,0.000051,0.0000562,0.0000571,0.000094,0.0000584
403,0.00000018,0.00000576,0.00002,0.0000302,0.0000476,0.0000543,0.0000584,0.0000625,0.0000628,0.0000942
404,0.00000016,0.00000461,0.0000201,0.0000302,0.000035,0.00005,0.0000704,0.0000624,0.00010079,0.00011589
405,0.00000021,0.00000476,0.0000202,0.0000316,0.000042,0.0000456,0.0000666,0.0000584,0.0000936,0.000065
406,0.00000027,0.00000512,0.0000136,0.0000225,0.0000362,0.0000423,0.0000325,0.0000439,0.000034,0.0000668
407,0.0000002,0.00000423,0.0000161,0.0000252,0.0000374,0.000047,0.0000671,0.0000585,0.0000783,0.0000825
408,0.00000026,0.00000383,0.0000134,0.000021,0.0000281,0.0000408,0.0000434,0.0000319,0.0000543,0.00014132
409,0.0000004,0.00000628,0.0000361,0.0000479,0.0000512,0.0000782,0.00011809,0.0000836,0.00017063,0.000067
410,0.00000019,0.00000474,0.0000131,0.0000232,0.0000394,0.0000379,0.0000407,0.00005,0.0000646,0.0000754
411,0.00000018,0.00000347,0.0000161,0.000023,0.0000286,0.000042,0.0000507,0.0000558,0.0000788,0.0000782
412,0.00000015,0.00000369,0.0000132,0.0000236,0.0000371,0.0000359,0.0000587,0.0000575,0.0000945,0.0000857
413,0.00000017,0.00000472,0.0000134,0.0000167,0.0000348,0.0000471,0.0000486,0.0000568,0.0000773,0.0000763
414,0.00000025,0.00000462,0.0000131,0.0000205,0.0000332,0.0000443,0.0000472,0.000058,0.0000665,0.0000919
415,0.00000021,0.00000448,0.0000109,0.0000206,0.0000279,0.0000439,0.0000599,0.0000667,0.0000687,0.0000935
416,0.0000002,0.0000025,0.0000124,0.0000206,0.0000328,0.0000427,0.0000548,0.0000625,0.0000964,0.0000966
417,0.00000026,0.00000362,0.0000154,0.0000256,0.0000353,0.0000472,0.0000639,0.0000702,0.0000909,0.00011136
418,0.00000011,0.00000433,0.0000125,0.000025,0.0000279,0.0000488,0.0000607,0.0000597,0.0000808,0.00010257
419,0.00000024,0.00000391,0.0000114,0.0000252,0.0000379,0.0000528,0.000067,0.0000729,0.00010503,0.00013735
420,0.00000023,0.00000528,0.0000159,0.0000255,0.0000311,0.0000475,0.0000661,0.0000833,0.00011364,0.00015534
421,0.00000026,0.00000562,0.0000205,0.0000358,0.0000489,0.0000681,0.0000982,0.00010264,0.00014591,0.00014515
422,0.0000003,0.00000525,0.0000162,0.0000304,0.00005,0.0000623,0.0000798,0.00010564,0.000122,0.00016147
423,0.00000031,0.00000741,0.0000197,0.0000356,0.0000512,0.0000698,0.0000876,0.00010556,0.00014305,0.00021003
424,0.00000048,0.00000804,0.0000236,0.0000458,0.0000546,0.0000812,0.00010291,0.00013587,0.00018066,0.00022529
425,0.00000037,0.00000746,0.0000215,0.0000468,0.0000599,0.0000837,0.0001161,0.0001416,0.00019397,0.00023107
426,0.00000048,0.0000081,0.000022,0.0000481,0.0000627,0.0000987,0.0001161,0.00015448,0.00018059,0.00027128
427,0.00000042,0.00000785,0.0000251,0.0000527,0.0000733,0.00010798,0.0001392,0.00016546,0.00021112,0.00030416
428,0.00000053,0.0000106,0.0000305,0.0000542,0.0000831,0.00011468,0.00016027,0.00019806,0.00024545,0.00035073
429,0.00000078,0.0000115,0.0000384,0.0000679,0.0000971,0.00013597,0.00018715,0.00022816,0.00030913,0.00036151
430,0.00000071,0.0000127,0.0000374,0.0000652,0.00010364,0.00015397,0.00019837,0.00026756,0.00030455,0.00040128
431,0.00000081,0.0000145,0.0000407,0.0000771,0.00011101,0.00016998,0.00022567,0.00028353,0.00034364,0.00046004
432,0.00000088,0.0000149,0.0000457,0.0000851,0.0001322,0.00018053,0.0002404,0.00030621,0.00037701,0.00049572
433,0.00000097,0.0000175,0.000049,0.0000889,0.00014624,0.00019981,0.00025906,0.00033432,0.0004137,0.00058125
434,0.00000116,0.0000184,0.000059,0.000103,0.00016428,0.00022125,0.00030693,0.00038596,0.00049367,0.00061741
435,0.00000124,0.0000207,0.0000586,0.00011351,0.00018062,0.00025432,0.00032459,0.0004188,0.00051898,0.00064935
436,0.00000135,0.0000231,0.0000656,0.00012222,0.00019763,0.00027853,0.00036732,0.00045227,0.00056735,0.00075183
437,0.00000156,0.0000246,0.0000792,0.00014202,0.00021581,0.0003195,0.00041129,0.00050681,0.00062105,0.00082683
438,0.00000178,0.0000278,0.000083,0.00015036,0.00024228,0.00034056,0.00044167,0.00055671,0.00067941,0.0009154
439,0.00000257,0.0000353,0.0000918,0.00017976,0.00027333,0.00037028,0.00049862,0.00061488,0.00076503,0.00096095
440,0.00000224,0.0000352,0.0000989,0.00019146,0.00029,0.00041607,0.00054737,0.00068671,0.00082821,0.0010723
441,0.00000237,0.0000392,0.00010988,0.00020751,0.0003214,0.00044845,0.0005904,0.00075335,0.00090364,0.00119823
442,0.00000273,0.0000426,0.0001244,0.0002352,0.00035755,0.00050633,0.00066678,0.00083524,0.0010015,0.00131156
443,0.00000304,0.0000495,0.00013847,0.00026035,0.00039874,0.0005577,0.00072864,0.00089495,0.00109991,0.0013951
444,0.00000333,0.0000548,0.00015272,0.00029069,0.00044644,0.00063065,0.00080852,0.00101125,0.00119923,0.00150218
445,0.00000374,0.0000595,0.00017228,0.00032071,0.00048828,0.000681,0.00088458,0.00108762,0.00131957,0.00168763
446,0.00000437,0.0000681,0.00019377,0.00035611,0.00055327,0.00076034,0.00098396,0.00120901,0.00144902,0.00180506
447,0.00000469,0.000076,0.00021584,0.00040467,0.00061662,0.00083436,0.00108261,0.00130108,0.00155366,0.00193623
448,0.00000534,0.0000858,0.00024651,0.00044801,0.0006781,0.00091306,0.00115365,0.00141074,0.00166126,0.00205348
449,0.00000598,0.0000959,0.00026811,0.00049227,0.00073432,0.0009868,0.00126217,0.00149517,0.00177983,0.00215822
450,0.00000678,0.00010871,0.00030068,0.00054177,0.00079814,0.00107562,0.00133734,0.00162036,0.00188846,0.0022256
451,0.00000756,0.00011962,0.00032908,0.00058411,0.00085598,0.00113505,0.00142029,0.00169157,0.00195443,0.00224965
452,0.00000839,0.00012801,0.00035396,0.0006128,0.00091099,0.00119417,0.00145035,0.00172226,0.00201821,0.00226865
453,0.00000945,0.00014222,0.00037634,0.00066466,0.00094919,0.0012281,0.0015114,0.001765,0.00200413,0.00223241
454,0.0000101,0.00015338,0.00039714,0.00067252,0.00096372,0.001234,0.00148888,0.00177513,0.00200299,0.00220232
455,0.000011,0.00015836,0.00041173,0.00069521,0.00097309,0.00122342,0.00148285,0.00173628,0.00199415,0.00206092
456,0.0000113,0.00016198,0.00040589,0.00066362,0.00093306,0.00117834,0.00143054,0.00163614,0.00184662,0.0020128
457,0.0000117,0.00016512,0.00040503,0.00066671,0.00090862,0.00114214,0.00134792,0.00157429,0.00179743,0.00185779
458,0.0000119,0.00016314,0.00039369,0.00063516,0.00085507,0.00108514,0.00130118,0.0014826,0.00165485,0.00173942
459,0.0000119,0.00015591,0.00037881,0.00059554,0.00080746,0.00101495,0.00118372,0.00138927,0.00152862,0.00161587
460,0.0000118,0.00015326,0.0003581,0.00056321,0.00075718,0.00094051,0.00112686,0.00129405,0.00146127,0.00150446
461,0.0000116,0.00014571,0.0003382,0.00052744,0.00070765,0.00086849,0.00101564,0.00119619,0.00134889,0.00141017
462,0.0000112,0.00014011,0.00031414,0.00049345,0.00066797,0.00081014,0.00097858,0.00113087,0.00126046,0.0013408
463,0.0000108,0.00012847,0.00030165,0.00046589,0.00061876,0.00076223,0.00091176,0.00105079,0.00120484,0.00127177
464,0.0000105,0.00012523,0.0002836,0.00044335,0.00059048,0.00073209,0.00088047,0.00100412,0.00113177,0.00119402
465,0.00000984,0.00011814,0.00026612,0.00041488,0.00055372,0.00069206,0.00082337,0.00096939,0.00108185,0.0011588
466,0.00000973,0.00011532,0.00025583,0.00040814,0.000538,0.00065918,0.00079081,0.00093082,0.00104354,0.00111121
467,0.00000934,0.00011051,0.00024582,0.00038552,0.0005114,0.0006341,0.00075913,0.00088869,0.00100547,0.00107132
468,0.00000909,0.00010698,0.00024062,0.00037675,0.00050125,0.00062849,0.0007344,0.00086471,0.00098215,0.00102053
469,0.00000877,0.00010219,0.000232,0.00035734,0.00048629,0.00060319,0.00071336,0.00082145,0.00093321,0.00098666
470,0.00000855,0.0000999,0.000223,0.00035481,0.00047013,0.00057714,0.00069088,0.00080507,0.00090119,0.00094613
471,0.00000844,0.0000965,0.00021975,0.00034109,0.00045279,0.00056061,0.00065861,0.00075544,0.0008584,0.00092376
472,0.00000829,0.0000948,0.0002126,0.00033331,0.00042945,0.00053064,0.00061553,0.00073815,0.00081152,0.00086739
473,0.000008,0.0000902,0.00020211,0.00031632,0.00041573,0.000511,0.00059998,0.00069087,0.00077074,0.00082112
474,0.00000781,0.0000874,0.00019333,0.00029795,0.00039648,0.00049031,0.00057122,0.00065726,0.00073285,0.00078668
475,0.00000753,0.0000856,0.00018867,0.00028676,0.0003718,0.00046223,0.00054693,0.00062153,0.00070216,0.00074399
476,0.00000729,0.0000812,0.00017842,0.00027305,0.00035624,0.00043783,0.00052197,0.00058509,0.00066977,0.00071408
477,0.00000706,0.0000778,0.00016947,0.00026184,0.00034123,0.00041215,0.00049055,0.00056893,0.0006408,0.00066848
478,0.00000667,0.0000741,0.00016123,0.00024453,0.00031969,0.00039981,0.00045873,0.00053668,0.00060004,0.00064954
479,0.00000629,0.0000709,0.00015643,0.00023748,0.00030959,0.00038586,0.00045399,0.00051548,0.00059391,0.00063084
480,0.0000062,0.0000681,0.00014683,0.00022684,0.00030444,0.00036112,0.00043782,0.00049474,0.00056683,0.00060884
481,0.00000598,0.0000653,0.00014374,0.00021739,0.00028696,0.00035484,0.00041655,0.0004853,0.00054816,0.00059706
482,0.00000571,0.0000629,0.00013745,0.00021323,0.00027822,0.00035135,0.00040845,0.00047612,0.0005397,0.00056839
483,0.00000554,0.0000611,0.00012958,0.00020456,0.00027275,0.00033739,0.00039808,0.00045649,0.00052501,0.00057479
484,0.00000545,0.0000602,0.0001342,0.00020325,0.00026907,0.00033829,0.00039584,0.000461,0.00052738,0.00056479
485,0.00000525,0.0000577,0.00012807,0.0001964,0.00026707,0.00032876,0.00037769,0.00045105,0.00051004,0.00055418
486,0.00000507,0.0000564,0.0001276,0.00019602,0.00026039,0.0003235,0.00038092,0.00043545,0.00049762,0.00055521
487,0.0000051,0.0000564,0.00012421,0.000193,0.00026199,0.00032357,0.00038094,0.00043862,0.00049952,0.00055455
488,0.00000488,0.0000553,0.00012517,0.00019589,0.00025693,0.00031805,0.00038854,0.00044547,0.00050659,0.00055565
489,0.00000488,0.0000542,0.00012106,0.00019145,0.00025585,0.00032121,0.00037307,0.00043906,0.00050102,0.0005532
490,0.00000489,0.0000554,0.00012067,0.00019119,0.00025186,0.0003209,0.00037987,0.00043607,0.00050493,0.00056926
491,0.00000474,0.000054,0.00012133,0.0001916,0.00025888,0.0003204,0.00038179,0.00044769,0.00051023,0.00057476
492,0.00000469,0.0000543,0.00012332,0.00019336,0.00025786,0.00032049,0.00038384,0.00044953,0.00050763,0.00058767
493,0.00000472,0.0000536,0.00012198,0.0001943,0.00026257,0.00032751,0.00038795,0.0004501,0.00051312,0.00059573
494,0.00000469,0.0000537,0.0001238,0.0001962,0.00026445,0.00033279,0.00039705,0.00047362,0.00053175,0.00060966
495,0.00000473,0.0000548,0.0001255,0.00019846,0.00027495,0.00034067,0.00041161,0.00048458,0.00054838,0.00063196
496,0.00000468,0.0000554,0.00012964,0.00020497,0.00027956,0.00035106,0.0004269,0.00049964,0.00056247,0.00064682
497,0.00000478,0.0000564,0.00013025,0.00021115,0.00029105,0.00036145,0.00044495,0.00050792,0.00058493,0.00068178
498,0.00000485,0.000058,0.0001346,0.00021618,0.00029527,0.00038059,0.00045285,0.00053448,0.00060926,0.00070648
499,0.00000486,0.0000592,0.00013827,0.00022373,0.00030905,0.0003896,0.00047222,0.00055049,0.00062041,0.0007414
500,0.00000503,0.0000603,0.0001443,0.00023153,0.00031893,0.00040821,0.00049703,0.00057479,0.0006659,0.00076883
501,0.00000509,0.0000622,0.00014879,0.00024145,0.0003332,0.0004261,0.00051116,0.00059422,0.00067087,0.00080544
502,0.00000517,0.0000642,0.00015319,0.00024699,0.00034556,0.00044442,0.0005285,0.00062611,0.00071479,0.00083512
503,0.00000537,0.0000665,0.00015841,0.00025823,0.00036312,0.00045928,0.00055387,0.00065394,0.00074007,0.00086816
504,0.00000544,0.0000695,0.0001636,0.00026982,0.00036895,0.00047834,0.00057179,0.00067667,0.00077406,0.0009041
505,0.00000564,0.0000714,0.00017366,0.00028482,0.00039524,0.00050177,0.00060349,0.00070787,0.00081171,0.00094561
506,0.00000579,0.0000732,0.00017802,0.00029071,0.00040518,0.0005161,0.00062384,0.00072585,0.00084679,0.00100282
507,0.00000604,0.0000774,0.00018418,0.00030351,0.00041956,0.00054126,0.00065171,0.00076774,0.00087667,0.00102131
508,0.00000608,0.0000792,0.00018986,0.00031336,0.00044163,0.00056631,0.00068015,0.00079482,0.00089653,0.00106763
509,0.00000637,0.0000815,0.00019977,0.00032812,0.0004557,0.00058753,0.0007128,0.00083454,0.00096385,0.00111683
510,0.00000656,0.0000841,0.00020898,0.00034559,0.00047132,0.00060927,0.00074064,0.00085535,0.00100435,0.00115262
511,0.00000678,0.0000881,0.0002139,0.00035075,0.00048535,0.00062774,0.00076313,0.00089667,0.00102346,0.00118167
512,0.00000695,0.0000895,0.00021744,0.0003608,0.00050431,0.00064587,0.0007829,0.00091802,0.00104937,0.00122054
513,0.00000717,0.0000936,0.00022545,0.00037342,0.00052166,0.00066728,0.00081806,0.00094454,0.00109721,0.00125185
514,0.00000734,0.0000957,0.00023486,0.00038441,0.00053649,0.00068013,0.00083761,0.00098368,0.00112524,0.00130906
515,0.00000764,0.0000997,0.00023992,0.00039412,0.00055476,0.00070817,0.00087256,0.00102503,0.00117532,0.00135496
516,0.00000783,0.00010255,0.00024899,0.00041223,0.00057398,0.00073504,0.00090478,0.0010547,0.00120611,0.00139762
517,0.00000797,0.00010477,0.00025475,0.00042077,0.00059008,0.00075126,0.00091402,0.00107085,0.00123348,0.00142198
518,0.00000824,0.00010646,0.0002618,0.00043599,0.00060757,0.00077472,0.00094146,0.0011124,0.0012756,0.00146813
519,0.00000835,0.0001101,0.00026962,0.00044849,0.0006194,0.00079697,0.0009681,0.00113728,0.00130712,0.0014921
520,0.00000854,0.0001129,0.00027358,0.00045682,0.00063413,0.00081158,0.00098608,0.00117263,0.00133362,0.00155657
521,0.00000871,0.00011552,0.00027914,0.00046345,0.00064934,0.00083685,0.00101801,0.00119748,0.00136039,0.00157212
522,0.00000902,0.00011835,0.000287,0.00047766,0.00066846,0.00085398,0.00104336,0.00122389,0.00139405,0.00161537
523,0.00000912,0.00012023,0.00029302,0.00048525,0.00067744,0.00086691,0.00105478,0.00125415,0.00142453,0.00163745
524,0.00000929,0.00012238,0.00029906,0.00050019,0.00069787,0.00089458,0.00109171,0.00127481,0.00147032,0.0016856
525,0.0000095,0.00012556,0.00030371,0.00050711,0.00071113,0.0009126,0.00111381,0.00130676,0.00149793,0.0017226
526,0.00000972,0.00012814,0.00031546,0.00052304,0.0007279,0.00094032,0.00113384,0.00133413,0.00152919,0.00175246
527,0.00000986,0.00013068,0.00032092,0.00052959,0.00073987,0.00094376,0.00115884,0.00135743,0.00156317,0.0017858
528,0.0000101,0.00013335,0.00032423,0.00054045,0.00075246,0.00096873,0.00116723,0.00139385,0.00159093,0.00183295
529,0.0000102,0.00013433,0.00032896,0.00054586,0.00076288,0.00099026,0.00119997,0.00142243,0.00161602,0.00185761
530,0.0000104,0.00013732,0.00033514,0.00055714,0.00078427,0.00100015,0.00121917,0.00143546,0.00163691,0.00188041
531,0.0000105,0.00014128,0.00033855,0.00056666,0.00079742,0.00102082,0.00124106,0.00146004,0.00166162,0.00191284
532,0.0000108,0.00014158,0.00034697,0.00057375,0.00079818,0.00103634,0.00125669,0.00149329,0.00169482,0.00194601
533,0.0000109,0.00014375,0.00035022,0.00058759,0.00081555,0.00105171,0.00128029,0.00150821,0.00173209,0.0019992
534,0.0000111,0.00014664,0.00035821,0.0006003,0.00083352,0.00107606,0.00131376,0.0015274,0.00176134,0.0020082
535,0.0000113,0.00014884,0.00036196,0.00060309,0.00084539,0.00108566,0.00132518,0.00156296,0.00178424,0.00207032
536,0.0000116,0.00015078,0.00037084,0.00061258,0.00085827,0.0011007,0.00132715,0.00159311,0.00181571,0.00208227
537,0.0000116,0.00015305,0.00037413,0.00062153,0.00087689,0.00112523,0.00137694,0.0016276,0.00184338,0.00210038
538,0.0000117,0.00015546,0.00037903,0.00063088,0.00088234,0.00114008,0.00137605,0.00163259,0.00186058,0.00216441
539,0.000012,0.00015831,0.00038708,0.0006449,0.00089999,0.0011602,0.00141678,0.00166839,0.00192147,0.00219682
540,0.0000123,0.00016145,0.00039409,0.00065281,0.00091847,0.00118411,0.00143098,0.00169199,0.00194536,0.00223373
541,0.0000124,0.00016359,0.00040156,0.00066983,0.00093543,0.00119935,0.00146066,0.00171691,0.00199068,0.00227071
542,0.0000125,0.00016548,0.00040851,0.00067737,0.00094292,0.00121942,0.00148135,0.00175551,0.00201411,0.00230531
543,0.0000127,0.00016865,0.00041479,0.00068415,0.00095775,0.0012349,0.00150466,0.00178302,0.00203921,0.00234912
544,0.0000129,0.00017115,0.00041769,0.00069559,0.00097734,0.00124598,0.00151709,0.00179975,0.00205439,0.00237913
545,0.0000131,0.00017339,0.00042501,0.00070779,0.0009974,0.00126508,0.0015502,0.00183558,0.00209063,0.00241232
546,0.0000133,0.00017718,0.00043376,0.00071887,0.00101073,0.00129343,0.00158974,0.00187666,0.00213988,0.00244336
547,0.0000136,0.00017805,0.00043684,0.00073274,0.00101392,0.00130827,0.00160185,0.00189132,0.00216963,0.00248759
548,0.0000138,0.00018122,0.00044457,0.00073675,0.00104029,0.00133101,0.00162298,0.00191473,0.00219926,0.00251892
549,0.000014,0.00018531,0.00045121,0.00075388,0.0010508,0.00136167,0.00166497,0.00196057,0.00226357,0.00256649
550,0.0000142,0.00018771,0.00045749,0.00076451,0.00106648,0.00137418,0.00167535,0.00199663,0.00227461,0.00259376
551,0.0000143,0.00018898,0.00046506,0.00077263,0.00108166,0.00139006,0.00170521,0.00200641,0.00229586,0.00262436
552,0.0000145,0.00019158,0.00046888,0.00078228,0.00109608,0.00141104,0.00172728,0.0020346,0.00233378,0.00268715
553,0.0000148,0.00019483,0.00047591,0.00079101,0.00110652,0.00142633,0.00174572,0.00206868,0.00237621,0.00271949
554,0.0000149,0.0001983,0.00048421,0.0008061,0.00112563,0.00144946,0.0017623,0.0021037,0.00241464,0.00274743
555,0.0000152,0.00019944,0.00049333,0.00081576,0.00114707,0.00147237,0.00179093,0.00212514,0.00243094,0.00278212
556,0.0000153,0.00020321,0.00049593,0.00082172,0.0011541,0.00148426,0.0018158,0.00214579,0.00245483,0.0028197
557,0.0000155,0.00020515,0.00050136,0.00083742,0.00116771,0.00151618,0.00183678,0.00216694,0.00249903,0.00285581
558,0.0000157,0.00020764,0.00051031,0.00084232,0.0011901,0.00152431,0.00188161,0.0022137,0.002541,0.00289446
559,0.000016,0.00020878,0.0005151,0.00085817,0.00120667,0.00153972,0.00189426,0.00223513,0.00257704,0.00292982
560,0.0000162,0.00021354,0.00052131,0.00086857,0.00121283,0.00156304,0.00190991,0.00225846,0.00258545,0.0029468
561,0.0000163,0.00021561,0.00052495,0.00087595,0.00122399,0.00157452,0.00192174,0.00228394,0.00261902,0.00297609
562,0.0000164,0.00021732,0.00052916,0.00088307,0.00123359,0.00159556,0.00195016,0.0023077,0.00263219,0.00303151
563,0.0000165,0.00021975,0.0005364,0.00089269,0.00124581,0.0016086,0.00196641,0.00233471,0.00266653,0.00302958
564,0.0000168,0.00022091,0.00054316,0.00089553,0.00126496,0.00162281,0.00198613,0.00235709,0.00269284,0.00308218
565,0.0000169,0.00022405,0.00055017,0.00091515,0.00127991,0.00164365,0.00200008,0.00238172,0.00272841,0.00309554
566,0.0000171,0.00022521,0.00055194,0.00091117,0.00128818,0.0016564,0.00202136,0.00238757,0.00273326,0.00312977
567,0.0000172,0.00022792,0.00055699,0.00092669,0.00128805,0.00166731,0.00203524,0.00241078,0.00275819,0.00315195
568,0.0000174,0.00022918,0.00056336,0.00094046,0.00130963,0.00169324,0.00207626,0.00244618,0.00279213,0.00317221
569,0.0000175,0.00023058,0.00056843,0.00094097,0.00131742,0.00169961,0.00207799,0.00244722,0.00281239,0.0031992
570,0.0000176,0.00023447,0.00057149,0.00094742,0.00133704,0.00170377,0.00209682,0.00247215,0.00284132,0.00322726
571,0.0000179,0.00023557,0.00057387,0.00095794,0.00133695,0.00173153,0.00210366,0.00249187,0.00286419,0.00324796
572,0.000018,0.0002385,0.00058028,0.00097709,0.00134863,0.00174214,0.00212682,0.00251974,0.00289729,0.00327819
573,0.0000182,0.0002405,0.00058377,0.00097863,0.00135759,0.00174691,0.00214679,0.0025195,0.00289186,0.0032924
574,0.0000182,0.00024056,0.00058947,0.00097726,0.00136978,0.00176213,0.00215285,0.00255839,0.0029151,0.00330658
575,0.0000183,0.00024107,0.00058999,0.00098534,0.00138137,0.00177238,0.00217312,0.00256595,0.00293513,0.00334636
576,0.0000185,0.00024273,0.00059677,0.00099463,0.00138615,0.00178828,0.00217641,0.0025703,0.00295954,0.00334853
577,0.0000187,0.00024452,0.00060149,0.00099573,0.00139923,0.00178857,0.00219867,0.00259167,0.00298315,0.00337459
578,0.0000186,0.0002462,0.00060226,0.00099942,0.00140302,0.00180775,0.00219431,0.00259218,0.00297793,0.00335789
579,0.0000186,0.0002463,0.00059914,0.00099889,0.001392,0.00180198,0.00219307,0.00259563,0.00298577,0.00341213
580,0.0000188,0.00024797,0.00060735,0.00101081,0.00141411,0.00180996,0.00222139,0.00263138,0.0030078,0.00343334
581,0.0000189,0.00024932,0.00060957,0.00101425,0.001418,0.00182132,0.00223766,0.0026249,0.00301182,0.00341549
582,0.0000189,0.00025033,0.0006137,0.00101601,0.00142156,0.00184024,0.00222716,0.00262859,0.00302459,0.00341932
583,0.0000191,0.00025057,0.00061172,0.00101708,0.00142572,0.00183083,0.00225018,0.00265669,0.00305308,0.00342982
584,0.000019,0.00025131,0.00061574,0.00102338,0.00143804,0.00183787,0.00225768,0.00264278,0.00303726,0.00343859
585,0.0000192,0.00025346,0.00061965,0.00102429,0.0014343,0.00184596,0.0022626,0.00266673,0.00304797,0.00344226
586,0.0000191,0.00025189,0.0006166,0.00102198,0.00143337,0.00185309,0.0022546,0.00267017,0.00305336,0.00345543
587,0.0000191,0.00025225,0.0006205,0.00103155,0.00144109,0.00186812,0.00225808,0.00266841,0.00304977,0.00345221
588,0.0000193,0.00025253,0.00062303,0.00102949,0.0014316,0.00185005,0.00226625,0.00266588,0.00305917,0.00344421
589,0.0000192,0.00025488,0.00062301,0.00103436,0.00145219,0.00186016,0.0022731,0.0026822,0.00306881,0.00343796
590,0.0000191,0.00025461,0.00061982,0.00102653,0.00143283,0.00184972,0.0022603,0.00266143,0.00304444,0.0034437
591,0.0000192,0.0002544,0.00062016,0.00102973,0.00144602,0.00186218,0.00226679,0.00267223,0.00305873,0.00343029
592,0.0000193,0.00025276,0.00061916,0.00102926,0.0014404,0.00184024,0.00226859,0.00265699,0.00305434,0.00341081
593,0.000019,0.00025314,0.0006149,0.00102538,0.00142749,0.00183274,0.00223389,0.00263954,0.00304509,0.00343028
594,0.0000191,0.00025221,0.00061265,0.00102524,0.00142956,0.00183303,0.00224118,0.00264351,0.00302429,0.00339764
595,0.000019,0.00025107,0.0006145,0.00101368,0.00142648,0.00181419,0.00223276,0.00263802,0.00301838,0.00339354
596,0.000019,0.00025074,0.00061202,0.00101594,0.00141768,0.00183271,0.00222899,0.0026276,0.00299631,0.00338077
597,0.0000187,0.00024892,0.00060951,0.00100746,0.00141279,0.00181977,0.00222298,0.00261648,0.00300919,0.00336397
598,0.0000188,0.00024656,0.00060348,0.00100293,0.0014094,0.00180793,0.00222314,0.00258765,0.00298433,0.00333077
599,0.0000186,0.00024614,0.00060123,0.00099967,0.00139708,0.00180819,0.00218557,0.00260223,0.00294168,0.00333229
600,0.0000185,0.00024571,0.00059664,0.00099559,0.00139158,0.00178095,0.0021835,0.00257046,0.00294476,0.00328422
601,0.0000184,0.00024297,0.00059393,0.00098805,0.00138335,0.00177274,0.00217339,0.0025569,0.00292857,0.00329119
602,0.0000183,0.00024239,0.00059359,0.00098252,0.00137664,0.00177968,0.00216037,0.00253275,0.00292825,0.00324591
603,0.0000181,0.00023983,0.00058457,0.00097359,0.00135902,0.00174792,0.00213016,0.00252072,0.00290446,0.00318875
604,0.0000179,0.00023573,0.0005764,0.00095868,0.00135228,0.00172189,0.00211802,0.00248389,0.00285183,0.00319235
605,0.0000178,0.00023461,0.00057748,0.00096162,0.00133945,0.00172613,0.00207677,0.00246373,0.00283382,0.00315489
606,0.0000177,0.00023284,0.0005719,0.00094682,0.0013268,0.00171011,0.00207751,0.00245649,0.0027958,0.00312889
607,0.0000175,0.00022908,0.00056553,0.00093299,0.00130941,0.00168725,0.00205723,0.00241396,0.00277133,0.00310793
608,0.0000173,0.00022835,0.00055945,0.00092616,0.00130037,0.00166923,0.00204995,0.00239602,0.00273281,0.00306801
609,0.0000172,0.00022587,0.00055418,0.00092071,0.00129251,0.00166308,0.00201346,0.00237179,0.00272945,0.00301174
610,0.000017,0.00022268,0.00054663,0.00091238,0.00127192,0.0016341,0.00198797,0.00233775,0.00268136,0.00300246
611,0.000017,0.00022079,0.00054205,0.00090291,0.00125839,0.00161651,0.00197733,0.00232919,0.00266365,0.00294471
612,0.0000166,0.00021823,0.00053344,0.00088952,0.00124433,0.00159077,0.00193532,0.00228723,0.00263289,0.00293138
613,0.0000165,0.00021583,0.00053,0.00088088,0.00122178,0.00157953,0.00193746,0.00226948,0.00260874,0.00290587
614,0.0000163,0.00021365,0.00052452,0.0008679,0.00121172,0.00155494,0.00190144,0.00223486,0.00255744,0.00285739
615,0.0000161,0.00021099,0.00051576,0.0008605,0.00120228,0.00154274,0.00188377,0.00223238,0.00253078,0.00282794
616,0.0000158,0.00020931,0.00050828,0.00084177,0.00119396,0.00150591,0.00185823,0.00218884,0.00250596,0.00278733
617,0.0000157,0.00020595,0.00050915,0.00084051,0.00117591,0.00151494,0.00183202,0.00217339,0.00247472,0.00276641
618,0.0000155,0.00020379,0.00049887,0.000828,0.00116331,0.00149039,0.00182586,0.00215346,0.00245614,0.00271712
619,0.0000151,0.00020064,0.00049022,0.00081645,0.00114306,0.00146966,0.00179087,0.00210114,0.00240341,0.00269359
620,0.0000152,0.00019937,0.00048286,0.00080908,0.00113531,0.00145811,0.0017852,0.00209871,0.00239812,0.00265566
621,0.0000149,0.00019565,0.00047763,0.00079543,0.00110999,0.00144078,0.00173984,0.00207552,0.0023613,0.00261662
622,0.0000146,0.00019281,0.00046911,0.00078578,0.00109248,0.00141048,0.00171244,0.0020178,0.00230858,0.00257278
623,0.0000145,0.00018982,0.000465,0.0007688,0.00107376,0.00139297,0.00168299,0.00197838,0.00229243,0.00252461
624,0.0000142,0.00018872,0.00045699,0.0007617,0.00107783,0.00136238,0.00167229,0.00196379,0.00223641,0.00250766
625,0.0000141,0.00018553,0.00045197,0.00075148,0.0010544,0.00135257,0.00164617,0.00194646,0.00223025,0.00245461
626,0.0000138,0.00018268,0.00044628,0.00073983,0.00104364,0.00132951,0.0016242,0.00191034,0.00219057,0.00241412
627,0.0000135,0.0001782,0.00043819,0.00072813,0.00101363,0.00130662,0.00158444,0.0018788,0.00214214,0.00241185
628,0.0000136,0.00017718,0.00043521,0.00072546,0.00100123,0.00129365,0.00156802,0.00185386,0.00211687,0.00234578
629,0.0000132,0.00017307,0.00042541,0.00070864,0.00098611,0.0012668,0.00154333,0.00183121,0.00208266,0.0023301
630,0.0000131,0.00017248,0.00042288,0.00070046,0.00098252,0.00126416,0.00153975,0.0018122,0.00207332,0.00227059
631,0.0000128,0.00016795,0.00040797,0.00068004,0.00095261,0.00122756,0.00149456,0.00174803,0.00203677,0.00222293
632,0.0000125,0.00016403,0.00040164,0.00066976,0.00093722,0.00120694,0.00147241,0.00171734,0.00198234,0.00220987
633,0.0000124,0.00016256,0.00039606,0.00066337,0.00091994,0.00119205,0.00144383,0.00171177,0.00196582,0.00217077
634,0.0000123,0.00016115,0.00039372,0.00065261,0.00091361,0.00117612,0.00143976,0.00168822,0.00192992,0.00212312
635,0.000012,0.00015623,0.00038517,0.00064033,0.00090073,0.0011471,0.0014045,0.00164905,0.00190289,0.00209965
636,0.0000118,0.00015546,0.00038101,0.00062871,0.00088257,0.00112568,0.00139508,0.00162459,0.00186216,0.00205447
637,0.0000115,0.0001526,0.00037312,0.00062402,0.00086408,0.00111346,0.00134798,0.00160483,0.00187208,0.00203362
638,0.0000114,0.00014957,0.00036946,0.0006041,0.00084492,0.00109734,0.00134211,0.0015627,0.00180618,0.00198572
639,0.0000111,0.00014648,0.00035797,0.0005926,0.00083715,0.00106944,0.00131008,0.00154185,0.00175768,0.00195046
640,0.000011,0.00014225,0.00035112,0.00057791,0.00081184,0.00104851,0.00127811,0.00151097,0.00172076,0.00190799
641,0.0000107,0.00014152,0.00034507,0.00057675,0.00080441,0.00103083,0.0012634,0.00148971,0.00170834,0.00186298
642,0.0000106,0.00013715,0.00033808,0.000568,0.00078946,0.00100646,0.00124007,0.00146611,0.00166965,0.00185263
643,0.0000103,0.00013743,0.00033479,0.00054799,0.00078078,0.00099239,0.0012279,0.00144516,0.00165284,0.00183124
644,0.0000102,0.0001347,0.00032735,0.00054281,0.0007656,0.0009768,0.00118824,0.00140668,0.00162042,0.00178999
645,0.00001,0.00013266,0.00032427,0.00053637,0.00076007,0.0009683,0.00117735,0.00137796,0.00158202,0.00175911
646,0.00000986,0.00012869,0.00031511,0.00052619,0.00073658,0.00094169,0.00114507,0.0013621,0.00156217,0.00170715
647,0.00000967,0.00012695,0.0003107,0.00050757,0.00072136,0.00091384,0.00112015,0.00133833,0.00152023,0.00169059
648,0.00000943,0.00012342,0.00030197,0.00050908,0.00070209,0.00091478,0.0011128,0.00130356,0.00149602,0.00166342
649,0.00000924,0.00012234,0.00029839,0.0004977,0.00069417,0.00088835,0.00108334,0.00127936,0.00146337,0.00161303
650,0.00000912,0.00012031,0.00029192,0.00048605,0.00068168,0.00087454,0.0010762,0.00126165,0.00143897,0.00158156
651,0.00000885,0.00011659,0.00028474,0.00047433,0.00066549,0.00085067,0.00103916,0.00123343,0.00141738,0.00157095
652,0.00000869,0.00011497,0.00028092,0.00045707,0.00066016,0.00084001,0.00102974,0.00120975,0.00137691,0.00155247
653,0.00000852,0.00011104,0.00027454,0.00046168,0.0006354,0.00082381,0.00100393,0.00117694,0.00135563,0.00150504
654,0.00000832,0.00010985,0.00026846,0.00044727,0.00062168,0.00080362,0.00098386,0.0011477,0.00132924,0.00146377
655,0.00000824,0.00010754,0.00026574,0.00043945,0.00061708,0.00080343,0.00096005,0.00112752,0.00129634,0.0014566
656,0.00000805,0.00010608,0.00025883,0.00043309,0.00060262,0.00077723,0.00094573,0.00111574,0.00127716,0.00140797
657,0.0000079,0.00010392,0.00025033,0.00041811,0.00059171,0.00075727,0.00092389,0.00107816,0.00124578,0.00137289
658,0.00000778,0.00010196,0.000249,0.0004205,0.00057852,0.00074453,0.0009166,0.00107413,0.00122887,0.0013367
659,0.00000755,0.0000997,0.00024113,0.00040324,0.00056651,0.00073253,0.00089473,0.00104528,0.00119342,0.00131769
660,0.00000741,0.0000969,0.00023831,0.00039249,0.00055429,0.0007033,0.00086278,0.00101254,0.00116452,0.00129043
661,0.00000712,0.0000948,0.00023268,0.00038902,0.00054302,0.00070496,0.0008571,0.00100164,0.00114438,0.00127071
662,0.00000708,0.0000916,0.00022419,0.00037713,0.00052588,0.00068249,0.00084439,0.00097341,0.00111649,0.00121681
663,0.00000682,0.0000887,0.00021862,0.00036671,0.00051538,0.00065648,0.00079692,0.00095045,0.00108022,0.00120482
664,0.00000678,0.000089,0.00021944,0.0003598,0.00050767,0.00065226,0.00079877,0.00092909,0.0010882,0.00118105
665,0.00000655,0.0000867,0.00021335,0.00034969,0.00049466,0.0006366,0.00077328,0.00090173,0.00104709,0.00115161
666,0.0000065,0.0000852,0.00020531,0.00034635,0.00048423,0.00061795,0.00076775,0.00090786,0.00102668,0.0011282
667,0.00000629,0.0000825,0.00020134,0.0003373,0.00047246,0.00061287,0.00074135,0.00087857,0.00101944,0.00111824
668,0.00000609,0.0000808,0.00019929,0.00032989,0.00046234,0.00058607,0.00071221,0.00085774,0.00098403,0.00105718
669,0.00000595,0.0000779,0.00019257,0.00032194,0.00045063,0.00057629,0.00070877,0.00082314,0.00095025,0.0010566
670,0.00000603,0.0000773,0.00018987,0.00031635,0.00043705,0.0005765,0.00069574,0.00080733,0.00093448,0.00103574
671,0.00000578,0.0000754,0.00018594,0.00030612,0.00043305,0.00055177,0.00068571,0.00079441,0.00091739,0.00102028
672,0.00000562,0.0000744,0.00018195,0.0003006,0.00042452,0.0005392,0.00066156,0.00078539,0.00089214,0.00099581
673,0.00000544,0.0000722,0.00017814,0.00029493,0.00041219,0.00052663,0.00065015,0.00076263,0.00087095,0.00095751
674,0.00000525,0.0000707,0.00017451,0.00028894,0.00039847,0.00051257,0.00063247,0.00074229,0.00085131,0.00093954
675,0.00000526,0.0000694,0.0001713,0.00028085,0.00039988,0.00050596,0.00061544,0.0007337,0.0008459,0.00091028
676,0.00000512,0.000067,0.00016585,0.00027412,0.00038734,0.0004985,0.00060422,0.00071243,0.00081085,0.00090079
677,0.00000494,0.0000655,0.00015988,0.00026339,0.00036844,0.00047596,0.00058142,0.00068055,0.00078677,0.00087732
678,0.00000488,0.0000642,0.00015692,0.00026276,0.00036307,0.00047387,0.00057323,0.00067598,0.00077936,0.00085508
679,0.0000047,0.0000627,0.00015346,0.0002565,0.00035856,0.00046131,0.00055229,0.00065697,0.00075618,0.00081504
680,0.00000458,0.0000603,0.00015028,0.0002462,0.00035087,0.00044916,0.00054186,0.00064784,0.00073552,0.00081399
681,0.00000452,0.0000603,0.00014574,0.00024023,0.00034124,0.00044644,0.00054121,0.00063338,0.00072162,0.00081145
682,0.00000442,0.0000576,0.00014296,0.00023869,0.00032921,0.00043032,0.00051763,0.00060885,0.00070435,0.00078454
683,0.00000437,0.0000578,0.00014127,0.00024054,0.00032477,0.00042236,0.00052004,0.00061331,0.00069555,0.00076088
684,0.00000416,0.0000562,0.00013623,0.00022834,0.00031904,0.00041185,0.00049878,0.00059,0.00067134,0.00076338
685,0.00000417,0.0000548,0.00013924,0.00022752,0.00031737,0.00040924,0.00051045,0.00058105,0.00067915,0.00071692
686,0.00000405,0.0000526,0.0001289,0.0002145,0.00030109,0.00038697,0.00046909,0.00055159,0.0006429,0.00071502
687,0.00000395,0.0000515,0.00012798,0.00021256,0.00030283,0.00038277,0.00047206,0.00055041,0.00064823,0.00069889
688,0.00000381,0.0000495,0.00012563,0.00020362,0.00029144,0.00037777,0.00045759,0.00053236,0.00061722,0.00069357
689,0.00000377,0.0000494,0.00012455,0.00020101,0.00028615,0.00036161,0.00045298,0.00052326,0.0006148,0.00068023
690,0.00000369,0.0000476,0.00012464,0.00020407,0.00028162,0.00035992,0.00045508,0.0005151,0.00061356,0.00065787
691,0.00000349,0.0000469,0.0001159,0.00018654,0.00026538,0.00034587,0.00042309,0.00050582,0.000564,0.00062951
692,0.00000348,0.0000457,0.00011095,0.00018885,0.00026602,0.00033134,0.00040724,0.00046804,0.00056766,0.00060249
693,0.00000334,0.0000443,0.00011019,0.00018267,0.00025221,0.00032445,0.00040319,0.00047212,0.00054062,0.00057663
694,0.00000329,0.0000443,0.00010849,0.00018196,0.00024942,0.00032582,0.00038766,0.00046309,0.00054714,0.00059423
695,0.00000322,0.0000433,0.00010601,0.00017307,0.00024645,0.00030954,0.00039622,0.00046559,0.00054487,0.00057004
696,0.00000312,0.0000413,0.00010333,0.00016847,0.00024318,0.00030861,0.00038046,0.00043984,0.00051081,0.00056167
697,0.00000304,0.00004,0.0000962,0.00016705,0.00023217,0.00029907,0.00035074,0.00042725,0.00049416,0.00055809
698,0.00000299,0.0000396,0.0000991,0.00016324,0.00022758,0.00028484,0.00035787,0.00041654,0.00048775,0.00052558
699,0.0000029,0.0000385,0.0000922,0.00015544,0.00022236,0.00027939,0.00034414,0.00041159,0.00047105,0.0005059
700,0.00000278,0.0000375,0.0000914,0.00015223,0.0002164,0.00027403,0.00034027,0.00039134,0.00045641,0.00050497
701,0.00000273,0.0000372,0.000091,0.00014743,0.00020926,0.00027115,0.000329,0.00038656,0.00044713,0.00048346
702,0.00000263,0.0000353,0.0000857,0.0001467,0.00020571,0.00026558,0.00031663,0.00038301,0.00043461,0.00046705
703,0.00000256,0.0000346,0.0000854,0.00014225,0.00019705,0.00025585,0.0003055,0.000359,0.00042037,0.00046808
704,0.0000025,0.0000335,0.0000796,0.00013441,0.00019446,0.00024342,0.00029274,0.00034992,0.00041427,0.00044645
705,0.00000258,0.0000323,0.000081,0.0001352,0.00018649,0.00024663,0.000292,0.00034358,0.00040078,0.00044153
706,0.00000243,0.0000311,0.0000787,0.00013228,0.00018857,0.0002345,0.00029553,0.0003258,0.00038989,0.00042709
707,0.0000024,0.0000317,0.0000764,0.00012442,0.00017916,0.00022696,0.00026977,0.0003324,0.00037864,0.00043617
708,0.00000228,0.0000301,0.0000761,0.00012432,0.00017522,0.00022587,0.00027693,0.00031753,0.00036409,0.00041863
709,0.00000223,0.0000293,0.0000741,0.00012473,0.0001728,0.00022094,0.00027112,0.00031734,0.0003731,0.00039571
710,0.00000213,0.0000294,0.0000704,0.0001166,0.00016933,0.00021822,0.00026543,0.00030221,0.00033865,0.00039191
711,0.00000212,0.0000281,0.0000706,0.00011331,0.00015953,0.00020997,0.00025773,0.00030248,0.0003537,0.00037795
712,0.00000208,0.0000272,0.0000691,0.00011196,0.00015512,0.00020641,0.00024219,0.00028594,0.00034077,0.00037104
713,0.00000201,0.0000262,0.000066,0.00011186,0.0001513,0.00019727,0.00024886,0.00028609,0.00032972,0.0003479
714,0.00000198,0.0000266,0.000064,0.00010504,0.00014789,0.00018842,0.00023624,0.00027391,0.00030722,0.00035495
715,0.00000189,0.0000257,0.0000629,0.00010598,0.00014776,0.00018566,0.00023762,0.00027175,0.00032512,0.00034351
716,0.00000179,0.0000248,0.0000636,0.00010461,0.00015018,0.00018456,0.00022547,0.00026771,0.00029663,0.00034237
717,0.00000177,0.0000242,0.0000605,0.00010102,0.00013695,0.00018048,0.00021471,0.00026107,0.00029651,0.00031841
718,0.00000174,0.0000236,0.0000589,0.0000966,0.00014012,0.00017297,0.00021573,0.00024374,0.00029237,0.0003192
719,0.00000163,0.0000226,0.0000568,0.0000942,0.00013112,0.00016905,0.0002044,0.00024315,0.00029391,0.00031516
720,0.00000169,0.0000232,0.0000557,0.0000898,0.00012728,0.0001664,0.00020428,0.00024245,0.00027527,0.00031097
721,0.00000159,0.0000222,0.000056,0.0000873,0.00012655,0.0001621,0.00019208,0.00023563,0.00026331,0.00030278
722,0.0000016,0.0000212,0.0000544,0.0000936,0.00012832,0.00016871,0.0001992,0.00023097,0.00027986,0.00027731
723,0.00000155,0.0000209,0.0000523,0.0000854,0.00011765,0.00015152,0.00018208,0.00022407,0.0002517,0.00027479
724,0.00000149,0.0000205,0.0000491,0.0000829,0.00011269,0.00014731,0.00018303,0.00020882,0.00024765,0.00029175
725,0.00000149,0.0000198,0.0000521,0.0000859,0.00011399,0.00015542,0.00018008,0.00021546,0.0002477,0.0002826
726,0.00000146,0.0000199,0.000047,0.0000808,0.00011435,0.00014238,0.00017895,0.00021532,0.00024575,0.0002661
727,0.00000136,0.00002,0.000052,0.000085,0.00011063,0.00014951,0.00017899,0.0002025,0.00024568,0.00024494
728,0.00000136,0.0000175,0.0000436,0.0000724,0.00010601,0.00013855,0.00015829,0.00018151,0.00021763,0.00024165
729,0.00000133,0.0000178,0.0000422,0.0000755,0.00010778,0.00013202,0.00016531,0.00019756,0.00022342,0.00025435
730,0.00000135,0.0000175,0.0000482,0.0000792,0.00011137,0.00013875,0.0001712,0.000197,0.00023637,0.00038503
731,0.00000361,0.0000204,0.0000889,0.00013246,0.00015231,0.00020123,0.00028692,0.00024477,0.00042579,0.00023104
732,0.00000122,0.0000163,0.0000436,0.0000738,0.00010076,0.0001254,0.00015766,0.00018536,0.00021733,0.00024645
733,0.00000112,0.0000165,0.0000393,0.0000688,0.0000935,0.00011647,0.00014623,0.00017007,0.00021009,0.00022377
734,0.00000113,0.0000145,0.0000389,0.000067,0.0000868,0.00011868,0.00014528,0.00016008,0.00019548,0.00020214
735,0.00000103,0.0000146,0.0000379,0.0000618,0.0000882,0.0001161,0.00013914,0.00014575,0.0001881,0.00021363
736,0.00000108,0.0000149,0.0000364,0.0000654,0.000085,0.00011759,0.00014439,0.00017299,0.00018772,0.00020297
737,0.00000103,0.0000144,0.0000365,0.0000579,0.0000857,0.00011096,0.0001381,0.00016185,0.00019616,0.00021714
738,0.00000106,0.0000144,0.0000385,0.0000662,0.0000887,0.00011882,0.00013995,0.0001497,0.00019327,0.00019943
739,0.000001,0.0000144,0.0000349,0.0000543,0.0000787,0.0000995,0.00013455,0.00014678,0.00017456,0.00019519
740,0.00000098,0.0000132,0.0000344,0.0000556,0.000083,0.0001025,0.00012179,0.00014067,0.00015535,0.00017741
741,0.00000095,0.0000142,0.0000323,0.0000545,0.000079,0.00010217,0.00012783,0.00013452,0.00016255,0.00017592
742,0.00000088,0.0000124,0.0000302,0.0000535,0.0000734,0.0000923,0.00011779,0.00013475,0.00016268,0.00017851
743,0.00000091,0.0000123,0.000031,0.0000526,0.0000724,0.0000977,0.00011575,0.00013778,0.00015239,0.00018556
744,0.00000087,0.0000127,0.0000327,0.0000509,0.0000755,0.0000973,0.00011535,0.00013022,0.0001545,0.00016365
745,0.00000091,0.0000121,0.0000316,0.0000496,0.0000729,0.0000955,0.00011106,0.00013053,0.00016243,0.00016575
746,0.00000088,0.0000124,0.0000309,0.000051,0.0000705,0.0000895,0.00011784,0.00012844,0.00015152,0.00016653
747,0.00000089,0.0000122,0.0000292,0.0000466,0.0000665,0.0000856,0.00011063,0.00011968,0.00014115,0.00017273
748,0.00000079,0.0000111,0.0000315,0.0000501,0.0000683,0.0000923,0.00010985,0.00012587,0.00015615,0.000154
749,0.00000082,0.0000106,0.000027,0.0000452,0.0000654,0.00008,0.00010441,0.00012033,0.00014193,0.00015752
750,0.00000078,0.0000105,0.0000287,0.000047,0.0000663,0.0000855,0.0000976,0.00012,0.00015177,0.00016254
751,0.00000071,0.00001,0.0000292,0.0000479,0.000066,0.000087,0.00010728,0.00011224,0.00014552,0.00015952
752,0.00000077,0.0000108,0.0000285,0.0000461,0.0000638,0.0000856,0.00010238,0.00011146,0.00014268,0.00015845
753,0.00000072,0.0000103,0.0000289,0.0000445,0.0000588,0.0000812,0.00010631,0.00011738,0.00013424,0.00014361
754,0.00000069,0.0000101,0.0000259,0.0000419,0.0000603,0.0000746,0.0000975,0.00011122,0.00013002,0.00013636
755,0.00000067,0.00000975,0.0000262,0.0000409,0.0000562,0.0000746,0.0000928,0.00010861,0.00013138,0.00013636
756,0.00000063,0.00000982,0.0000244,0.0000423,0.000061,0.0000741,0.0000938,0.00010649,0.00012017,0.00014154
757,0.00000063,0.00000954,0.0000234,0.0000407,0.0000568,0.0000734,0.0000888,0.00010588,0.00012045,0.00013703
758,0.00000062,0.00000902,0.0000246,0.0000373,0.000058,0.0000722,0.0000954,0.0000957,0.00012628,0.00013227
759,0.00000071,0.00000847,0.0000241,0.0000409,0.0000582,0.0000723,0.0000912,0.0001029,0.00012283,0.00011737
760,0.00000059,0.0000094,0.0000214,0.0000405,0.0000573,0.0000705,0.0000828,0.0000969,0.00010782,0.00012472
761,0.00000065,0.00000948,0.0000252,0.0000381,0.0000547,0.0000636,0.0000839,0.00010118,0.00012333,0.00013156
762,0.00000058,0.00000852,0.0000245,0.0000386,0.0000577,0.0000728,0.0000874,0.0000915,0.00011695,0.00010826
763,0.00000058,0.00000906,0.0000211,0.0000371,0.0000567,0.0000645,0.00008,0.0000923,0.0001119,0.00011294
764,0.00000058,0.00000843,0.0000217,0.0000349,0.00005,0.0000596,0.0000821,0.0000821,0.00011171,0.00013017
765,0.00000057,0.00000731,0.0000234,0.0000383,0.000052,0.0000654,0.0000832,0.0000903,0.00011751,0.00012187
766,0.0000006,0.00000854,0.000024,0.0000393,0.0000508,0.0000708,0.0000799,0.0000954,0.00012498,0.0001273
767,0.00000052,0.00000785,0.0000206,0.0000362,0.0000512,0.0000656,0.0000788,0.0000867,0.00010993,0.00012068
768,0.00000058,0.00000855,0.0000209,0.0000378,0.0000444,0.0000599,0.0000774,0.0000855,0.00010901,0.00010471
769,0.00000045,0.00000743,0.00002,0.0000313,0.0000434,0.000062,0.0000696,0.0000746,0.0000947,0.00010629
770,0.00000045,0.00000727,0.0000194,0.0000336,0.0000476,0.0000578,0.0000713,0.000072,0.0000902,0.00012853
771,0.00000043,0.00000749,0.0000233,0.0000367,0.0000559,0.0000696,0.0000827,0.0000827,0.00013195,0.00010991
772,0.00000049,0.00000752,0.000019,0.0000346,0.0000465,0.0000549,0.0000786,0.000078,0.00010132,0.00011463
773,0.00000046,0.00000721,0.0000212,0.0000346,0.0000471,0.0000627,0.0000702,0.0000801,0.0001044,0.00011106
774,0.00000044,0.00000729,0.0000186,0.0000361,0.0000454,0.0000631,0.0000733,0.0000821,0.00010752,0.00011815
775,0.00000047,0.00000756,0.0000225,0.0000357,0.0000469,0.0000607,0.0000763,0.0000817,0.00010368,0.00011082
776,0.00000045,0.00000786,0.0000208,0.000036,0.0000484,0.0000588,0.0000733,0.0000722,0.00010346,0.0000972
777,0.0000004,0.00000652,0.0000172,0.0000325,0.0000404,0.000054,0.0000618,0.0000724,0.0000932,0.00011843
778,0.00000052,0.00000644,0.0000214,0.0000381,0.0000392,0.0000629,0.0000784,0.0000678,0.00010902,0.00010357
779,0.00000048,0.00000717,0.000017,0.0000299,0.0000424,0.0000489,0.0000632,0.0000664,0.0000737,0.00011195
780,0.00000035,0.00000665,0.0000209,0.0000368,0.0000455,0.0000573,0.0000732,0.000077,0.00011437,0.0003141
781,0.00000001,0.00000874,0.0000787,0.00011795,0.00011374,0.00017427,0.0002437,0.00016986,0.00036523,0.00010266
782,0.00000043,0.00000579,0.0000172,0.0000296,0.0000385,0.0000592,0.0000611,0.0000667,0.0000863,0.0000995
783,0.00000059,0.00000588,0.0000172,0.0000276,0.0000458,0.000044,0.0000735,0.0000688,0.0000936,0.0000775
784,0.00000038,0.00000681,0.000017,0.0000252,0.0000418,0.000054,0.0000635,0.0000641,0.0000751,0.0000928
785,0.00000036,0.0000057,0.0000177,0.0000254,0.0000389,0.0000507,0.0000605,0.0000679,0.0000871,0.0000842
786,0.00000033,0.0000068,0.0000164,0.0000303,0.0000362,0.0000479,0.0000674,0.0000793,0.0000819,0.0000862
787,0.00000034,0.00000629,0.0000171,0.000026,0.0000426,0.0000533,0.0000536,0.0000649,0.0000729,0.00010339
788,0.00000041,0.00000657,0.0000213,0.0000326,0.0000427,0.0000497,0.0000779,0.0000606,0.00010473,0.0000802
789,0.00000039,0.00000525,0.0000182,0.0000238,0.0000359,0.0000447,0.0000563,0.0000575,0.0000797,0.0000818
790,0.00000031,0.00000531,0.0000149,0.0000261,0.0000349,0.0000455,0.0000519,0.0000637,0.0000783,0.0000817
791,0.00000034,0.00000588,0.0000153,0.000025,0.0000412,0.0000439,0.0000593,0.0000628,0.0000857,0.0000992
792,0.00000033,0.00000596,0.0000177,0.0000276,0.0000365,0.0000452,0.0000611,0.0000692,0.0000838,0.0000785
793,0.00000032,0.0000061,0.0000167,0.0000249,0.0000385,0.0000507,0.0000649,0.0000655,0.0000889,0.0000852
794,0.00000032,0.00000523,0.0000158,0.0000226,0.0000353,0.0000401,0.000054,0.0000612,0.00007,0.0000906
795,0.00000058,0.00000605,0.0000143,0.0000258,0.0000364,0.0000391,0.0000534,0.0000504,0.0000846,0.0000712
796,0.00000039,0.00000464,0.0000134,0.0000214,0.0000309,0.000041,0.000045,0.0000624,0.0000748,0.0000979
797,0.00000048,0.00000602,0.0000154,0.0000266,0.000037,0.0000459,0.0000499,0.0000643,0.0000842,0.0000931
798,0.00000035,0.00000585,0.000017,0.0000255,0.0000414,0.0000435,0.000065,0.000052,0.0000783,0.0000666
799,0.00000036,0.0000051,0.0000129,0.0000236,0.0000367,0.0000422,0.0000396,0.0000588,0.0000841,0.0000926
800,0.00000036,0.0000052,0.0000203,0.0000263,0.000039,0.0000569,0.0000655,0.0000574,0.0000837,0.0000696
801,0.00000023,0.0000052,0.0000141,0.0000169,0.0000331,0.0000391,0.0000406,0.0000479,0.0000616,0.0000928
802,0.00000032,0.0000058,0.0000217,0.0000327,0.000048,0.0000533,0.0000831,0.0000811,0.0000922,0.0000896
803,0.0000003,0.0000052,0.0000183,0.0000251,0.0000408,0.0000475,0.000063,0.0000712,0.0000929,0.0000821
804,0.00000044,0.00000466,0.0000117,0.000024,0.0000377,0.0000445,0.0000603,0.0000604,0.0000634,0.0000668
805,0.00000026,0.00000443,0.0000146,0.0000169,0.0000242,0.0000396,0.0000482,0.0000558,0.0000565,0.0000569
806,0.00000027,0.00000506,0.0000111,0.0000174,0.0000371,0.0000453,0.0000575,0.0000507,0.0000688,0.0000791
807,0.00000035,0.00000463,0.0000129,0.0000227,0.0000294,0.0000367,0.0000377,0.0000466,0.0000709,0.0000529
808,0.00000025,0.00000503,0.0000106,0.0000216,0.000028,0.0000412,0.0000408,0.0000467,0.0000533,0.0000635
809,0.00000024,0.00000507,0.0000135,0.0000205,0.0000277,0.0000404,0.0000431,0.0000461,0.0000674,0.0000997
810,0.00000026,0.00000561,0.0000212,0.0000306,0.0000438,0.0000498,0.0000612,0.0000544,0.00010371,0.000073
811,0.00000021,0.00000511,0.000013,0.000017,0.0000409,0.0000412,0.0000438,0.0000492,0.0000759,0.0000837
812,0.00000025,0.00000432,0.0000137,0.0000207,0.0000366,0.0000411,0.0000496,0.0000441,0.0000596,0.0000769
813,0.00000021,0.00000498,0.0000167,0.0000274,0.0000339,0.0000448,0.0000561,0.0000597,0.0000817,0.0000606
814,0.00000027,0.00000357,0.000013,0.0000182,0.0000331,0.0000384,0.000044,0.0000376,0.0000468,0.0000683
815,0.00000028,0.00000502,0.000012,0.0000225,0.0000275,0.0000356,0.0000445,0.0000475,0.0000615,0.0000539
816,0.00000014,0.00000531,0.0000109,0.000022,0.0000256,0.0000313,0.0000423,0.0000567,0.0000571,0.0000744
817,0.00000029,0.00000474,0.0000184,0.0000261,0.000037,0.0000526,0.000064,0.0000526,0.0000711,0.0000773
818,0.00000019,0.00000513,0.0000149,0.000022,0.0000303,0.0000443,0.000059,0.0000583,0.0000774,0.0000846
819,0.00000021,0.00000417,0.0000137,0.000021,0.0000283,0.0000466,0.0000545,0.0000375,0.000072,0.0000841
820,0.00000023,0.00000433,0.0000146,0.0000275,0.0000301,0.000049,0.0000467,0.0000588,0.0000802,0.0000801
821,0.00000027,0.0000061,0.0000138,0.0000224,0.0000337,0.0000332,0.0000479,0.0000469,0.0000772,0.0000762
822,0.00000035,0.00000378,0.0000147,0.000019,0.0000265,0.0000354,0.0000472,0.0000495,0.0000656,0.0000837
823,0.00000033,0.00000446,0.0000147,0.0000245,0.0000326,0.0000416,0.00006,0.0000609,0.0000813,0.0000766
824,0.00000014,0.00000466,0.0000159,0.000025,0.0000341,0.0000372,0.0000561,0.00005,0.0000999,0.0000788
825,0.00000023,0.00000533,0.0000168,0.0000251,0.00003,0.0000375,0.0000665,0.0000568,0.0000744,0.0000428
826,0.00000027,0.0000027,0.0000157,0.0000204,0.0000241,0.0000431,0.0000496,0.0000491,0.0000755,0.0000658
827,0.00000015,0.00000288,0.00000755,0.0000221,0.0000304,0.0000285,0.0000514,0.0000563,0.0000393,0.0000636
828,0.00000016,0.00000471,0.00000856,0.0000153,0.0000366,0.0000387,0.00005,0.0000398,0.0000521,0.0000691
829,0.00000026,0.00000484,0.0000167,0.0000205,0.0000319,0.0000431,0.0000561,0.0000553,0.0000828,0.0000768
830,0.00000031,0.00000363,0.0000157,0.0000232,0.0000339,0.000038,0.0000501,0.0000539,0.0000727,0.000087
831,0.00000024,0.00000553,0.0000137,0.0000277,0.0000375,0.0000428,0.0000529,0.0000629,0.0000784,0.0000766
832,0.00000022,0.00000588,0.0000161,0.0000233,0.0000443,0.0000441,0.000061,0.0000624,0.0000855,0.0000657
833,0.00000014,0.0000036,0.0000152,0.000028,0.0000363,0.0000435,0.0000553,0.0000515,0.000085,0.0000877
834,0.00000029,0.00000519,0.0000155,0.0000267,0.0000346,0.0000493,0.000056,0.0000337,0.0000817,0.000081
835,0.00000008,0.00000589,0.0000141,0.0000236,0.0000365,0.0000409,0.0000541,0.0000518,0.0000887,0.0000885
836,0.00000016,0.00000432,0.0000173,0.0000281,0.0000332,0.0000486,0.0000473,0.0000576,0.000071,0.0000921
837,0.00000022,0.00000474,0.0000165,0.0000251,0.0000376,0.000056,0.0000724,0.0000501,0.0000758,0.0000528
838,0.00000021,0.00000448,0.0000144,0.0000215,0.0000265,0.000042,0.0000438,0.0000448,0.000064,0.00013616
839,0.0000003,0.00000438,0.0000302,0.0000452,0.0000553,0.0000783,0.000095,0.0000649,0.00011628,0.00012265
840,0.00000026,0.00000542,0.0000243,0.0000356,0.000046,0.0000524,0.0000682,0.000049,0.00011675,0.0000836
841,0.0000003,0.00000599,0.000015,0.0000304,0.0000298,0.0000507,0.0000387,0.0000493,0.0000705,0.0000733
842,0.00000023,0.00000541,0.0000128,0.0000207,0.0000363,0.0000462,0.0000587,0.0000604,0.0000725,0.0000615
843,0.00000017,0.00000528,0.0000125,0.0000203,0.0000446,0.0000451,0.0000464,0.0000582,0.0000896,0.00008
844,0.00000035,0.00000594,0.0000149,0.000017,0.0000314,0.0000414,0.0000358,0.0000558,0.0000682,0.0000898
845,0.00000016,0.00000674,0.0000231,0.0000301,0.0000405,0.0000469,0.0000665,0.0000616,0.00011688,0.00014108
846,0.00000032,0.0000082,0.0000297,0.0000437,0.0000555,0.0000612,0.0000866,0.0000873,0.00014592,0.0000481
847,0.00000032,0.00000418,0.0000146,0.0000262,0.0000314,0.0000441,0.0000395,0.0000668,0.0000898,0.0000912
848,0.00000018,0.00000438,0.0000174,0.0000299,0.0000463,0.0000456,0.0000389,0.0000594,0.000082,0.0000969
849,0.00000028,0.00000555,0.0000157,0.0000323,0.0000501,0.0000553,0.0000723,0.0000638,0.0000951,0.0000996
850,0.00000022,0.00000431,0.000015,0.0000238,0.0000438,0.0000448,0.0000546,0.0000645,0.0000693,0.0000736
851,0.00000024,0.00000514,0.0000106,0.0000271,0.0000409,0.0000479,0.0000666,0.0000492,0.0000913,0.000099
852,0.00000021,0.00000413,0.0000251,0.0000386,0.0000456,0.0000697,0.0000917,0.0000912,0.00014312,0.00011958
853,0.00000043,0.00000783,0.0000234,0.0000348,0.000037,0.0000572,0.0000837,0.0000895,0.00013157,0.0000801
854,0.00000011,0.00000452,0.0000191,0.0000285,0.0000337,0.0000494,0.0000467,0.0000611,0.0000984,0.00010315
855,0.00000027,0.00000636,0.0000298,0.0000346,0.0000547,0.0000616,0.00010379,0.0000707,0.00013317,0.0000488
856,0.00000011,0.00000515,0.0000146,0.0000178,0.0000396,0.0000293,0.0000434,0.0000476,0.0000506,0.0000909
857,0.00000026,0.00000676,0.0000106,0.0000275,0.0000443,0.000041,0.0000491,0.0000432,0.0000627,0.0000892
858,0.00000035,0.00000589,0.00000885,0.0000312,0.000032,0.000054,0.0000611,0.0000538,0.0000709,0.00010391
859,0.00000021,0.0000058,0.0000172,0.0000351,0.0000368,0.0000537,0.0000568,0.0000754,0.00010104,0.0000372
860,0.00000035,0.00000551,0.0000144,0.000031,0.0000488,0.0000471,0.0000436,0.0000642,0.0000607,0.00021291
861,0.00000044,0.00000894,0.0000516,0.0000709,0.0000845,0.00010216,0.00015604,0.00011972,0.00023863,0.0000992
862,0.00000046,0.0000059,0.0000199,0.00003,0.0000594,0.0000638,0.0000798,0.0000895,0.00011517,0.00010262
863,0.00000034,0.00000778,0.0000128,0.0000272,0.0000512,0.0000475,0.0000438,0.0000764,0.0000829,0.00018283
864,0.00000033,0.00000665,0.0000456,0.0000679,0.0000829,0.00011339,0.00015254,0.00010547,0.00021213,0.0000928
865,0.00000025,0.00000569,0.0000166,0.0000272,0.0000432,0.0000512,0.0000587,0.0000731,0.0000752,0.00010144
866,0.00000012,0.0000075,0.000029,0.000049,0.0000447,0.0000673,0.0000781,0.000046,0.0001082,0.0000756
867,0.00000011,0.00000555,0.0000167,0.0000335,0.0000645,0.0000537,0.0000583,0.0000732,0.0000867,0.00010681
868,0.00000018,0.0000054,0.0000239,0.0000384,0.0000458,0.0000467,0.0000831,0.0000721,0.00012308,0.0001215
869,0.00000026,0.00000685,0.0000231,0.0000374,0.0000475,0.000063,0.00011128,0.0000688,0.0001131,0.0000987
870,0.00000028,0.00000638,0.0000222,0.0000337,0.0000538,0.0000439,0.0000658,0.0000663,0.0000974,0.00011559
871,0.00000014,0.0000061,0.0000179,0.0000312,0.0000461,0.0000611,0.0000626,0.0000638,0.000093,0.0000999
872,0.00000012,0.00000615,0.0000165,0.0000446,0.0000585,0.00006,0.0000902,0.0000894,0.0000959,0.0000888
873,0.00000023,0.00000677,0.0000145,0.000033,0.0000384,0.0000505,0.0000637,0.0000805,0.0000924,0.0000988
874,0.00000041,0.00000813,0.0000257,0.00003,0.0000591,0.0000573,0.0000692,0.0000702,0.00010747,0.00010015
875,0.00000023,0.00000519,0.0000191,0.0000284,0.0000411,0.0000574,0.0000694,0.0000581,0.00010047,0.000092
876,0.00000024,0.00000749,0.0000161,0.0000288,0.000046,0.000045,0.000055,0.0000616,0.0000761,0.00012468
877,0.00000028,0.00000503,0.0000197,0.0000225,0.0000399,0.0000573,0.000067,0.0000788,0.00011037,0.0000919
878,0.00000231,0.00000791,0.0000226,0.0000378,0.0000633,0.0000646,0.0000709,0.0000834,0.0000947,0.00013151
879,0.00000015,0.00000514,0.0000306,0.0000472,0.0000556,0.0000569,0.0001126,0.0000763,0.00016368,0.0000886
880,0.0000001,0.0000061,0.0000194,0.0000274,0.0000418,0.0000506,0.0000805,0.0000612,0.00011802,0.00010689
881,0.00000023,0.00000706,0.000025,0.0000296,0.0000384,0.0000473,0.0000613,0.000064,0.0000865,0.00012351
882,0.00000038,0.00000707,0.0000337,0.0000498,0.0000666,0.0000906,0.00011295,0.0000954,0.00015108,0.000099
883,0.00000019,0.00000588,0.0000158,0.0000273,0.0000521,0.0000459,0.000071,0.0000486,0.00011729,0.00010028
884,0.00000038,0.00000674,0.0000133,0.000026,0.0000351,0.0000512,0.0000763,0.0000532,0.00010428,0.0000879
885,0.00000024,0.00000635,0.0000208,0.0000344,0.0000443,0.000065,0.000073,0.0000716,0.00010463,0.00010403
886,0.00000024,0.00000542,0.0000219,0.0000369,0.0000417,0.0000526,0.0000688,0.0000628,0.00012149,0.0001209
887,0.00000041,0.00000814,0.00003,0.0000343,0.0000587,0.000052,0.0000871,0.0000765,0.00011242,0.0000974
888,0.0000005,0.00000682,0.0000196,0.0000312,0.000035,0.0000462,0.0000564,0.0000406,0.0000664,0.0000633
889,0.00000016,0.00000642,0.0000189,0.0000144,0.0000486,0.000062,0.0000794,0.0000531,0.0000945,0.0000938
890,0.00000024,0.00000553,0.000025,0.0000475,0.0000642,0.000058,0.0000691,0.0000696,0.00013985,0.0000906
891,0.00000017,0.00000721,0.0000191,0.0000313,0.000044,0.0000575,0.0000541,0.0000674,0.0000924,0.000095
892,0.00000032,0.00000554,0.0000216,0.000032,0.0000567,0.0000804,0.0000748,0.0000743,0.00011149,0.00017431
893,0.00000042,0.00000682,0.0000275,0.0000476,0.0000647,0.0000917,0.00011081,0.0000766,0.00015214,0.00010143
894,0.00000042,0.00000617,0.000019,0.0000363,0.0000572,0.000091,0.000056,0.0000602,0.00014076,0.0000895
895,0.0000004,0.00000786,0.0000201,0.0000482,0.0000546,0.0000634,0.00010177,0.0001011,0.00014388,0.0001099
896,0.00000036,0.00000846,0.000024,0.000038,0.0000473,0.0000589,0.0000792,0.00008,0.00012098,0.00011451
897,0.00000081,0.00000779,0.0000222,0.0000249,0.0000412,0.0000554,0.0000732,0.0000746,0.0000915,0.00012485
898,0.00000004,0.00000601,0.000026,0.0000294,0.0000537,0.00010005,0.0000981,0.0000944,0.00017234,0.0000936
899,0.00000045,0.00000764,0.000023,0.000042,0.0000347,0.0000767,0.0000906,0.0000882,0.0000821,0.000067
900,0.00000023,0.00000782,0.000017,0.0000242,0.0000376,0.0000567,0.0000751,0.0000733,0.00012111,0.00013441
901,0.00000038,0.00000803,0.0000339,0.00004,0.0000597,0.0000791,0.0000807,0.0000885,0.00011031,0.00013285
902,0.00000054,0.00000806,0.000025,0.0000416,0.0000531,0.0000761,0.0000776,0.0000781,0.00015527,0.00019134
903,0.00000053,0.0000112,0.0000491,0.0000697,0.0000889,0.00010263,0.00015774,0.0001432,0.00019739,0.00013719
904,0.0000002,0.00000664,0.0000287,0.0000452,0.0000666,0.0000877,0.0000961,0.0000998,0.00017309,0.00010774
905,0.00000031,0.00000752,0.000018,0.0000361,0.0000514,0.0000696,0.000098,0.0000682,0.0001344,0.00011449
906,0.00000019,0.00000844,0.0000265,0.0000294,0.0000609,0.000078,0.000096,0.00010366,0.00012906,0.00012379
907,0.00000013,0.00000823,0.000028,0.0000398,0.0000637,0.0000706,0.00012018,0.0001153,0.000135,0.0001191
908,0.0000003,0.0000057,0.0000243,0.0000517,0.0000709,0.000077,0.00012455,0.0000929,0.000092,0.00011458
909,0.00000017,0.00000776,0.0000277,0.0000564,0.0000783,0.0000763,0.0000987,0.0000869,0.00016832,0.00013318
910,0.00000033,0.0000121,0.0000277,0.0000444,0.0000618,0.0000782,0.00011389,0.0000981,0.00012056,0.00014753
911,0.00000031,0.000009,0.0000249,0.0000521,0.0000666,0.0000597,0.00011766,0.0000999,0.00013108,0.00016451
912,0.00000036,0.00000708,0.0000152,0.0000189,0.0000473,0.0000654,0.0000678,0.0000719,0.0000837,0.00018698
913,0.00000019,0.00000943,0.0000325,0.000062,0.0000646,0.00010732,0.00010881,0.0000919,0.00012266,0.00015715
914,0.00000046,0.00000791,0.0000359,0.0000519,0.0000677,0.00010602,0.00011505,0.00010198,0.00017201,0.00016764
915,0.00000022,0.0000108,0.0000318,0.0000597,0.0000814,0.0000923,0.00012016,0.00011221,0.00017694,0.0000862
916,0.00000005,0.00000653,0.000023,0.0000408,0.000035,0.0000834,0.0000569,0.0000701,0.0001131,0.00016229
917,0.0000004,0.00000413,0.0000177,0.0000452,0.0000668,0.0000851,0.0000799,0.0000711,0.00017109,0.00015334
918,0.00000055,0.00000713,0.0000269,0.0000352,0.0000677,0.0000829,0.000087,0.0000953,0.00012162,0.00015744
919,0.00000034,0.0000102,0.000031,0.0000434,0.0000528,0.0000853,0.0000932,0.0001324,0.0001519,0.0001563
920,0.00000054,0.00000795,0.0000247,0.0000379,0.0000777,0.00010381,0.00011157,0.0000895,0.00013806,0.00019185
921,0.0000004,0.0000112,0.0000397,0.0000652,0.0000669,0.00011363,0.00015072,0.00012903,0.00016759,0.00017393
922,0.00000038,0.00000864,0.0000274,0.0000466,0.0000716,0.00007,0.0000839,0.00012302,0.00011104,0.00025317
923,0.00000017,0.0000102,0.0000566,0.0000727,0.00011448,0.00012512,0.00015559,0.00012525,0.00024565,0.0002219
924,0.00000041,0.0000148,0.0000452,0.0000613,0.0000576,0.0000927,0.00014073,0.00012152,0.00016718,0.00020266
925,0.00000063,0.0000111,0.0000416,0.0000711,0.0000861,0.0001519,0.0001115,0.00011934,0.00021244,0.00016695
926,0.00000029,0.0000149,0.0000363,0.0000421,0.0000872,0.00011845,0.00010415,0.00010177,0.00019658,0.00023889
927,0.00000032,0.0000117,0.0000402,0.0000713,0.0000682,0.00012272,0.00016563,0.00016097,0.00019502,0.00011721
928,0.00000031,0.00000886,0.0000292,0.0000484,0.0000724,0.00010585,0.00010202,0.00013278,0.00018424,0.00022785
929,0.00000048,0.00000787,0.00004,0.0000704,0.00012773,0.000138,0.00012451,0.00014141,0.00026399,0.00019698
930,0.0000004,0.0000106,0.0000566,0.0000609,0.0000877,0.00013101,0.00018843,0.00017165,0.0002443,0.00021213
931,0.00000029,0.00000915,0.0000458,0.0000735,0.0000795,0.0000992,0.00015162,0.00015629,0.00023689,0.00028511
932,0.00000038,0.0000155,0.0000505,0.0000681,0.0000847,0.00016299,0.00012191,0.00016907,0.00031785,0.00025659
933,0,0.0000159,0.0000538,0.0000768,0.00010878,0.00010005,0.00019308,0.00017537,0.0002504,0.00023662
934,0.00000068,0.0000118,0.0000506,0.0000834,0.00012636,0.00015995,0.00019669,0.0002041,0.00021322,0.00026906
935,0.00000059,0.00000963,0.0000591,0.0000962,0.00015191,0.0001572,0.00025378,0.00012989,0.00034956,0.00040656
936,0.00000049,0.00000903,0.0000879,0.00011331,0.00010252,0.00020718,0.00026576,0.00020351,0.00033931,0.00029859
937,0.00000031,0.0000262,0.0000637,0.0000842,0.00017294,0.0001837,0.00019269,0.00024831,0.00034053,0.00022242
938,0.00000097,0.0000163,0.0000513,0.00012493,0.00012227,0.00020052,0.0001724,0.00020176,0.00026601,0.00037749
939,0.00000098,0.0000299,0.0000763,0.00011216,0.00021507,0.00024597,0.00032955,0.0002216,0.00048116,0.00052097
940,0.00000117,0.0000342,0.00015586,0.00019822,0.00031253,0.00038667,0.00047822,0.00046949,0.00070747,0.00051156
941,0.00000138,0.0000416,0.00011713,0.00013129,0.00024554,0.00026157,0.00027691,0.00037219,0.00051437,0.00056378
942,0.00000057,0.0000289,0.0000906,0.00012508,0.00024626,0.00027414,0.00043635,0.00034143,0.00054073,0.00071831
943,0.00000036,0.0000254,0.00014636,0.00022625,0.00037284,0.00037351,0.00044217,0.00050168,0.00049167,0.00074221
944,0.00000144,0.0000432,0.00012623,0.0001898,0.00032722,0.00032942,0.00043806,0.00034411,0.00060876,0.00068714
945,0.00000015,0.0000424,0.00017231,0.00025526,0.00030555,0.00038096,0.00048218,0.00039449,0.00077546,0.00073985
946,0.000002,0.0000426,0.0000845,0.00022273,0.00025183,0.00049046,0.00043788,0.00047189,0.00026802,0.00055078
947,0.00000151,0.0000355,0.0001155,0.00020996,0.0002654,0.00029522,0.00039758,0.00034081,0.00055642,0.0007121
948,0.00000104,0.0000344,0.0000943,0.00014536,0.00020701,0.00026288,0.00031239,0.00032453,0.00056678,0.00034399
949,0.00000174,0.0000214,0.0000899,0.00019142,0.00025526,0.00032108,0.00038251,0.00035931,0.00064757,0.00045012
950,0.00000039,0.0000179,0.0000933,0.00019481,0.00021847,0.00031779,0.00049199,0.00026585,0.00062726,0.00060656
951,0.0000013,0.000031,0.00012396,0.0001979,0.000265,0.00029581,0.00039361,0.00042507,0.00046315,0.00044273
952,0.00000098,0.0000261,0.0000835,0.00017368,0.00025367,0.00034889,0.00021044,0.00035078,0.00052526,0.00045762
953,0.00000078,0.0000352,0.000093,0.00010235,0.00017531,0.00024405,0.00026716,0.00047352,0.00051932,0.00060352
954,0.00000122,0.0000309,0.00014545,0.00022074,0.00026884,0.00037942,0.00038096,0.00051377,0.00066185,0.00048964
955,0.0000009,0.0000265,0.0000898,0.00016911,0.00021182,0.00022599,0.00029725,0.00031541,0.00044587,0.00039342
956,0.00000158,0.0000268,0.0000918,0.0001904,0.00021135,0.00026967,0.00027627,0.00021969,0.00064691,0.00050357
957,0.00000084,0.0000328,0.0000935,0.00012313,0.00025335,0.00035339,0.00037138,0.00038262,0.00047975,0.00060808
958,0.00000165,0.0000241,0.00010071,0.00016212,0.00018217,0.000302,0.00033905,0.00034675,0.00044265,0.0003619
959,0.00000152,0.0000198,0.0000861,0.00011563,0.00015248,0.00016978,0.00032253,0.00028685,0.00029305,0.00040761
960,0.0000007,0.0000196,0.000079,0.0001549,0.00014299,0.00027715,0.00032513,0.00026875,0.00045912,0.00035996
961,0.00000025,0.0000236,0.00010642,0.0001346,0.00018221,0.00026302,0.00026911,0.00027735,0.00046256,0.00035911
962,0.00000038,0.0000285,0.0000577,0.00016234,0.00016838,0.00020677,0.00027352,0.0000968,0.00039562,0.00038165
963,0.00000077,0.0000199,0.0000891,0.00015228,0.00019394,0.00025136,0.00029599,0.00033221,0.00044348,0.00054138
964,0.00000051,0.000022,0.00012516,0.00012604,0.00023038,0.00023172,0.00033118,0.00030736,0.00053514,0.00029048
965,0.00000069,0.0000264,0.0000623,0.0000736,0.00014702,0.00023342,0.00028343,0.00014568,0.00040364,0.00048301
966,0.00000067,0.0000187,0.00011158,0.00018027,0.00021532,0.00028223,0.00037039,0.0002665,0.00060851,0.00029374
967,0.00000097,0.0000189,0.00007,0.00012171,0.00017343,0.00027985,0.00025565,0.00024748,0.00041118,0.00045537
968,0.00000122,0.000026,0.0000744,0.0001403,0.00022486,0.00027061,0.00033601,0.00034182,0.00058004,0.00046495
969,0.00000833,0.0000265,0.0000941,0.00012783,0.00020266,0.00022679,0.00029414,0.00036146,0.00048763,0.00051452
970,0.00000062,0.000028,0.0000859,0.00020224,0.00020843,0.00032435,0.00042648,0.0002733,0.00052204,0.00040124
971,0.00000116,0.0000268,0.0000339,0.00013045,0.00011595,0.00019061,0.00027174,0.0001863,0.00037981,0.00049198
972,0.00000098,0.0000323,0.00010217,0.00017275,0.0002055,0.00030619,0.00040843,0.00032949,0.00057859,0.00054574
973,0.00000053,0.0000258,0.00010017,0.00014999,0.00018713,0.00028079,0.00033506,0.00022887,0.000446,0.00032909
974,0.00000036,0.0000206,0.0000976,0.00014819,0.00021252,0.0002182,0.00028689,0.00031198,0.00035685,0.00049589
975,0.00000061,0.0000303,0.0000762,0.00014466,0.00016006,0.00023369,0.00028037,0.00024247,0.00042862,0.00053166
976,0.00000111,0.0000313,0.00010074,0.00015678,0.00022416,0.00026694,0.00027495,0.0003367,0.00041384,0.00041506
977,0.00000029,0.000038,0.0000685,0.0000919,0.00020836,0.00016989,0.00026852,0.00017618,0.00035809,0.00041805
978,0.0000005,0.0000313,0.000058,0.00012021,0.00020497,0.00020598,0.00024399,0.00025423,0.00031226,0.00041856
979,0.00000142,0.0000249,0.0001154,0.00016898,0.00016305,0.00024232,0.00045329,0.00037433,0.00047785,0.00066197
980,0.00000122,0.0000354,0.0000864,0.0001603,0.00027022,0.00022688,0.00039926,0.00034431,0.00063998,0.00030311
981,0.00000036,0.0000306,0.0000463,0.00012444,0.00019648,0.0002414,0.00023032,0.00031431,0.00032477,0.00023741
982,0.00000114,0.0000374,0.0000769,0.0000875,0.00022119,0.00021802,0.00031003,0.00022661,0.00026462,0.00047802
983,0.00000069,0.0000295,0.0000782,0.00011905,0.00019894,0.00024349,0.00028696,0.0003157,0.00035602,0.00056202
984,0.00000063,0.000035,0.00011308,0.00022458,0.00027191,0.00028816,0.00030492,0.00036009,0.00062049,0.00046945
985,0.00000062,0.0000258,0.0000913,0.00015635,0.00021476,0.00030033,0.00028132,0.00026127,0.000388,0.00032482
986,0.00000078,0.0000411,0.0000634,0.00014671,0.0001897,0.00021082,0.00032092,0.00026012,0.00033318,0.00044426
987,0.00000157,0.000034,0.0000939,0.00013232,0.00016348,0.00026809,0.00028396,0.000223,0.00048571,0.00068293
988,0.00000091,0.0000387,0.00014787,0.00021955,0.00031515,0.00022416,0.00037522,0.00042697,0.00051945,0.00043976
989,0.00000091,0.0000382,0.00010058,0.00010149,0.0001704,0.00019442,0.00035094,0.00035004,0.00044071,0.00076021
990,0.0000011,0.0000363,0.00015911,0.00026786,0.00029057,0.00045702,0.00045759,0.00050409,0.00066415,0.00078415
991,0.00000104,0.0000375,0.00013398,0.00020384,0.00031043,0.00027824,0.00041043,0.00039368,0.00048629,0.00054082
992,0.00000079,0.0000394,0.00013324,0.00026198,0.00018928,0.00038802,0.00046354,0.00050714,0.00061854,0.00052512
993,0.00000281,0.0000289,0.00013372,0.00014008,0.00021413,0.00040664,0.00038881,0.00041848,0.0007533,0.00065921
994,0.00000094,0.0000432,0.00017724,0.00022533,0.00044318,0.00045244,0.00046324,0.00044727,0.00085953,0.00069057
995,0.00000294,0.0000374,0.0002139,0.00031128,0.00030479,0.0004687,0.00053102,0.00047507,0.00097689,0.00067033
996,0,0.0000097,0.00013381,0.00022744,0.00039335,0.00036853,0.00039629,0.00024669,0.00069542,0.00062412
997,0.00000231,0.0000462,0.00011675,0.00021596,0.00027996,0.0003477,0.00047381,0.00042428,0.00081899,0.00062502
998,0.00000088,0.0000345,0.00011046,0.00012637,0.00032679,0.00036919,0.0004559,0.00042288,0.00066047,0.00089596
999,0.00000241,0.0000513,0.00011158,0.00017662,0.00029955,0.00040115,0.00038933,0.00049871,0.00058641,0.00048977
1000,0.00000224,0.0000408,0.0001234,0.00018712,0.00028703,0.0004852,0.00042804,0.00044036,0.00055586,
